<?xml version="1.0" encoding="UTF-8"?>
<configurationDescriptor version="100">
  <logicalFolder name="root" displayName="root" projectFiles="true" kind="ROOT">
    <logicalFolder name="HeaderFiles"
                   displayName="Header Files"
                   projectFiles="true">
      <itemPath>header/fir.h</itemPath>
      <itemPath>header/psk.h</itemPath>
      <itemPath>header/psk_internal.h</itemPath>
    </logicalFolder>
    <logicalFolder name="ResourceFiles"
                   displayName="Resource Files"
                   projectFiles="true">
    </logicalFolder>
    <logicalFolder name="SourceFiles"
                   displayName="Source Files"
                   projectFiles="true">
      <itemPath>src/fir.c</itemPath>
      <itemPath>src/psk.c</itemPath>
      <itemPath>src/pskrx.c</itemPath>
      <itemPath>src/psktx.c</itemPath>
    </logicalFolder>
    <logicalFolder name="TestFiles"
                   displayName="Test Files"
                   projectFiles="false"
                   kind="TEST_LOGICAL_FOLDER">
    </logicalFolder>
    <logicalFolder name="ExternalFiles"
                   displayName="Important Files"
                   projectFiles="false"
                   kind="IMPORTANT_FILES_FOLDER">
      <itemPath>Makefile</itemPath>
    </logicalFolder>
  </logicalFolder>
  <projectmakefile>Makefile</projectmakefile>
  <confs>
    <conf name="Debug" type="2">
      <toolsSet>
        <compilerSet>default</compilerSet>
        <dependencyChecking>true</dependencyChecking>
        <rebuildPropChanged>true</rebuildPropChanged>
      </toolsSet>
      <compileType>
        <cTool>
          <standard>10</standard>
          <commandlineTool>gcc</commandlineTool>
          <incDir>
            <pElem>header</pElem>
          </incDir>
          <commandLine>-O2 -Wall -fsingle-precision-constant</commandLine>
        </cTool>
        <linkerTool>
          <linkerLibItems>
            <linkerLibStdlibItem>Mathematics</linkerLibStdlibItem>
          </linkerLibItems>
        </linkerTool>
      </compileType>
      <item path="header/fir.h" ex="false" tool="3" flavor2="0">
      </item>
      <item path="header/psk.h" ex="false" tool="3" flavor2="0">
      </item>
      <item path="header/psk_internal.h" ex="false" tool="3" flavor2="0">
      </item>
      <item path="src/fir.c" ex="false" tool="0" flavor2="0">
      </item>
      <item path="src/psk.c" ex="false" tool="0" flavor2="0">
      </item>
      <item path="src/pskrx.c" ex="false" tool="0" flavor2="0">
      </item>
      <item path="src/psktx.c" ex="false" tool="0" flavor2="0">
      </item>
    </conf>
    <conf name="Release" type="2">
      <toolsSet>
        <compilerSet>default</compilerSet>
        <dependencyChecking>true</dependencyChecking>
        <rebuildPropChanged>true</rebuildPropChanged>
      </toolsSet>
      <compileType>
        <cTool>
          <developmentMode>5</developmentMode>
          <stripSymbols>true</stripSymbols>
          <standard>10</standard>
          <incDir>
            <pElem>header</pElem>
          </incDir>
          <commandLine>-Wall -fsingle-precision-constant</commandLine>
          <warningLevel>3</warningLevel>
        </cTool>
        <ccTool>
          <developmentMode>5</developmentMode>
          <stripSymbols>true</stripSymbols>
          <standard>8</standard>
          <warningLevel>3</warningLevel>
        </ccTool>
        <fortranCompilerTool>
          <developmentMode>5</developmentMode>
        </fortranCompilerTool>
        <asmTool>
          <developmentMode>5</developmentMode>
          <warningLevel>3</warningLevel>
        </asmTool>
        <linkerTool>
          <stripSymbols>true</stripSymbols>
          <linkerLibItems>
            <linkerLibStdlibItem>Mathematics</linkerLibStdlibItem>
          </linkerLibItems>
        </linkerTool>
      </compileType>
      <item path="header/fir.h" ex="false" tool="3" flavor2="0">
      </item>
      <item path="header/psk.h" ex="false" tool="3" flavor2="0">
      </item>
      <item path="header/psk_internal.h" ex="false" tool="3" flavor2="0">
      </item>
      <item path="src/fir.c" ex="false" tool="0" flavor2="0">
      </item>
      <item path="src/psk.c" ex="false" tool="0" flavor2="0">
      </item>
      <item path="src/pskrx.c" ex="false" tool="0" flavor2="0">
      </item>
      <item path="src/psktx.c" ex="false" tool="0" flavor2="0">
      </item>
    </conf>
  </confs>
</configurationDescriptor>
